,prediccion,inc_baja,inc_alta,dataset
0,24.286279439896695,23.99903795213816,24.581797438308474,temperatura
1,2108.7171991629843,1941.2352060996973,2277.7544164730652,emisiones_co2
2,3.7266333730048053,3.6618541598296677,3.795739836420379,intensidad_energetica
3,93.97921065603184,89.35347801721016,98.39538218875578,acceso
4,21.761338702675904,21.350984244767783,22.154780865196066,energia_renovable
